{
  "timestamp": "2026-04-07T22:14:52.277756",
  "python_version": "3.9.6 (default, Mar  6 2026, 16:22:43) \n[Clang 21.0.0 (clang-2100.0.123.102)]",
  "platform": "macOS-26.4-arm64-arm-64bit",
  "metrics": {
    "lexer": {
      "stage": "Lexer",
      "iterations": 50,
      "total_time": 0.05444233799999998,
      "avg_time": 0.0010888467599999996,
      "min_time": 0.0009810420000000014,
      "max_time": 0.0013407090000000094,
      "std_dev": 9.495330434537102e-05,
      "ops_per_second": 918.4028797587645,
      "memory_mb": null
    },
    "parser": {
      "stage": "Parser",
      "iterations": 50,
      "total_time": 0.10012046200000008,
      "avg_time": 0.0020024092400000013,
      "min_time": 0.001871874999999995,
      "max_time": 0.0024928750000000055,
      "std_dev": 0.00016401532644431412,
      "ops_per_second": 499.3984146817058,
      "memory_mb": null
    },
    "semantic": {
      "stage": "Semantic",
      "iterations": 50,
      "total_time": 0.02394321000000002,
      "avg_time": 0.0004788642000000004,
      "min_time": 0.00044237499999999486,
      "max_time": 0.0006519999999999859,
      "std_dev": 2.6239084608689183e-05,
      "ops_per_second": 2088.2747133738526,
      "memory_mb": null
    },
    "codegen": {
      "stage": "CodeGen",
      "iterations": 50,
      "total_time": 0.004102580000000078,
      "avg_time": 8.205160000000155e-05,
      "min_time": 7.708300000003332e-05,
      "max_time": 0.00016775000000002205,
      "std_dev": 1.4122979992821223e-05,
      "ops_per_second": 12187.452773620273,
      "memory_mb": null
    },
    "full_pipeline": {
      "stage": "FullPipeline",
      "iterations": 50,
      "total_time": 0.18655970700000002,
      "avg_time": 0.0037311941400000005,
      "min_time": 0.0034582910000000022,
      "max_time": 0.005617207999999985,
      "std_dev": 0.0003583073769630246,
      "ops_per_second": 268.0107125168244,
      "memory_mb": null
    }
  }
}